ARCA Menards Chevrolet Impala,NASCAR Stock Car
1987 NASCAR Buick LeSabre,NASCAR Stock Car
1987 NASCAR Chevrolet Monte Carlo,NASCAR Stock Car
1987 NASCAR Ford Thunderbird,NASCAR Stock Car
NASCAR Camping World Chevrolet Silverado,NASCAR Stock Car
NASCAR Camping World Ford F150,NASCAR Stock Car
NASCAR Camping World Toyota Tundra TRD Pro,NASCAR Stock Car
NASCAR Xfinity Chevrolet Camaro,NASCAR Stock Car
NASCAR Xfinity Ford Mustang,NASCAR Stock Car
NASCAR Xfinity Toyota Supra,NASCAR Stock Car
NASCAR Cup Series Chevrolet Camaro ZL1,NASCAR Stock Car
NASCAR Cup Series Ford Mustang,NASCAR Stock Car
NASCAR Cup Series Toyota Camry,NASCAR Stock Car
NASCAR NEXT GEN Chevrolet Camaro ZL1,NASCAR Stock Car
NASCAR NEXT GEN Ford Mustang,NASCAR Stock Car
NASCAR NEXT GEN Toyota Camry,NASCAR Stock Car
NASCAR Whelen Tour / SK Modified,NASCAR Modified
Chevrolet Monte Carlo SS,Stock Car
Legends Ford ’34 / Rookie Coupe,Legends
Silver Crown,USAC
Sprint Car,Sprints
Street Stock,Stock Car
Super Late Model,Late Model
Dallara IR18 IndyCar,Open Wheel
Indy Pro 2000 PM-18,Open Wheel
Mercedes-AMG W12 E,Open Wheel F1
McLaren MP4-30,Open Wheel F1
Williams FW31,Open Wheel F1
Dallara iR-01,Open Wheel F1
Dallara F3,Open Wheel
Formula Renault 2.0,Open Wheel
Formula Renault 3.5,Open Wheel
Formula Vee,Open Wheel
iRacing Formula iR-04,Open Wheel
Lotus 49,Open Wheel
Lotus 79,Open Wheel
Skip Barber Formula 2000,Open Wheel
USF 2000,Open Wheel
Aston Martin DBR9 GT1,GT1
Chevrolet Corvette C6.R GT1,GT1
Ford GT GT3,GT3
Ford GT GT2,GT2
Audi R8 LMS GT3,GT3
BMW M4 GT3,GT3
Ferrari 488 GT3 Evo 2020,GT3
Lamborghini Huracan GT3 EVO,GT3
McLaren MP4-12C GT3,GT3
Mercedes-AMG GT3 2020 ,GT3
Porsche 911 GT3 Cup (992),GT3
Porsche 911 GT3.R,GT3
Aston Martin Vantage GT4,GT4
BMW M4 GT4,GT4
McLaren 570S GT4,GT4
Mercedes-AMG GT4,GT4
Porsche 718 Cayman GT4 Clubsport MR,GT4
BMW M8 GTE,GTE
Ferrari 488 GTE,GTE
Ford GTE,GTE
Porsche 911 RSR,GTE
Audi R18,LMP1 (Hybrid)
Porsche 919,LMP1 (Hybrid)
Dallara P217 LMP2,LMP2
HPD ARX-01c,LMP2
Nissan GTP ZX-T,Prototype
Audi RS 3 LMS,TCR
Honda Civic Type R,TCR
Hyundai Elantra N TC,TCR
Hyundai Velostar N TC,TCR
Cadillac CTS-V Racecar,Sportscar
Ford Mustang FR500S,Sportscar
Global Mazda MX-5 Cup,Sportscar
Kia Optima,Sportscar
Pontiac Solstice / Rookie,Sportscar
Radical SR8 V8,Sportscar
Radical SR10,Sportscar
Ruf RT 12R AWD / RWD / Track / C-Spec (4 cars),Sportscar
VW Jetta TDI Cup,Sportscar
Stock Car Brasil Chevrolet Cruze,Stock Car
Stock Car Brasil Toyota Corolla,Stock Car
Supercars Ford Mustang GT,Supercar
Supercars Holden ZB Commodore,Supercar
Audi 90 GTO,GTO
SCCA Spec Racer Ford,SCCA
Dirt Big Block / 358 Modified (2 cars),Dirt Modified
Dirt Late Model Limited / Pro / Super (3 cars),Dirt Late Model
Dirt Midget,Dirt Midget
Dirt Sprint Car 305,Dirt Sprints
Dirt Sprint Car 360,Dirt Sprints
Dirt Sprint Car 410,Dirt Sprints
Dirt Sprint Car Non-Winged 410,Dirt Sprints
Dirt Sprint Car Non-Winged 360,Dirt Sprints
Dirt Street Stock,Dirt Stock Car
Dirt UMP Modified,Dirt Modified
Dirt Legends Ford ’34 Coupe,Dirt Legends
Ford Fiesta RS WRC,Dirt Rallycross
Subaru WRX STI,Dirt Rallycross
Volkswagen Beetle / Lite,Dirt Rallycross
Lucas Oil Off Road Pro 2 Lite,Dirt Trophy Truck
Lucas Oil Off Road Pro 2,Dirt Trophy Truck
Lucas Oil Off Road Pro 4,Dirt Trophy Truck
BMW M Hybrid V8,LMDh
